<?xml version="1.0" encoding="UTF-8"?>
<project-private xmlns="http://www.netbeans.org/ns/project-private/1">
    <editor-bookmarks xmlns="http://www.netbeans.org/ns/editor-bookmarks/2" lastBookmarkId="0"/>
    <open-files xmlns="http://www.netbeans.org/ns/projectui-open-files/2">
        <group>
            <file>file:/C:/Users/VIVEK/Documents/NetBeansProjects/IMAGEonA4/src/imageona4/IsSecurityPass.java</file>
            <file>file:/C:/Users/VIVEK/Documents/NetBeansProjects/IMAGEonA4/src/imageona4/CheckUserInput.java</file>
            <file>file:/C:/Users/VIVEK/Documents/NetBeansProjects/IMAGEonA4/src/imageona4/ActivationWindow.java</file>
            <file>file:/C:/Users/VIVEK/Documents/NetBeansProjects/IMAGEonA4/src/imageona4/SecurityFileMissing.java</file>
        </group>
    </open-files>
</project-private>
